{"cameraMode":{"drawMode":0,"name":"Shaded","section":"Shading Mode"},"sceneLighting":false,"audioPlay":false,"sceneViewState":{"showFog":true,"showMaterialUpdate":false,"showSkybox":false,"showFlares":true,"showImageEffects":true,"showParticleSystems":true},"in2DMode":false,"pivot":{"x":2.349161148071289,"y":0.5034103989601135,"z":12.033599853515625},"rotation":{"x":-0.3129963278770447,"y":-0.0008615195984020829,"z":0.00019635555509012192,"w":-0.949881374835968},"size":0.8009193539619446,"orthographic":false}