{"cameraMode":{"drawMode":0,"name":"Shaded","section":"Shading Mode"},"sceneLighting":false,"audioPlay":false,"sceneViewState":{"showFog":true,"showMaterialUpdate":false,"showSkybox":false,"showFlares":true,"showImageEffects":true,"showParticleSystems":true},"in2DMode":false,"pivot":{"x":4.773188591003418,"y":4.570398330688477,"z":-12.790911674499512},"rotation":{"x":-0.259553998708725,"y":-0.04431787505745888,"z":0.011829451657831669,"w":-0.9647654294967651},"size":3.46712064743042,"orthographic":false}