{"cameraMode":{"drawMode":0,"name":"Shaded","section":"Shading Mode"},"sceneLighting":false,"audioPlay":false,"sceneViewState":{"showFog":true,"showMaterialUpdate":false,"showSkybox":false,"showFlares":true,"showImageEffects":true,"showParticleSystems":true},"in2DMode":false,"pivot":{"x":5.731844902038574,"y":1.4227216243743897,"z":-8.458221435546875},"rotation":{"x":0.16366609930992127,"y":-0.7372714877128601,"z":0.19053347408771516,"w":0.6277154684066773},"size":0.927635669708252,"orthographic":false}