{"cameraMode":{"drawMode":0,"name":"Shaded","section":"Shading Mode"},"sceneLighting":false,"audioPlay":false,"sceneViewState":{"showFog":true,"showMaterialUpdate":false,"showSkybox":false,"showFlares":true,"showImageEffects":true,"showParticleSystems":true},"in2DMode":false,"pivot":{"x":7.518271446228027,"y":7.798584938049316,"z":-2.961935043334961},"rotation":{"x":-0.3129963278770447,"y":-0.0008615195984020829,"z":0.00019635555509012192,"w":-0.949881374835968},"size":0.800919234752655,"orthographic":false}