{"cameraMode":{"drawMode":0,"name":"Shaded","section":"Shading Mode"},"sceneLighting":false,"audioPlay":false,"sceneViewState":{"showFog":true,"showMaterialUpdate":false,"showSkybox":false,"showFlares":true,"showImageEffects":true,"showParticleSystems":true},"in2DMode":false,"pivot":{"x":5.665929794311523,"y":-3.3879733085632326,"z":57.63965606689453},"rotation":{"x":-0.36805006861686709,"y":0.009434935636818409,"z":-0.0022744620218873026,"w":-0.9300602078437805},"size":4.1613874435424809,"orthographic":false}